f,u_in,u_out,k,lg_k
90,0.127,0.068,0.535433071,-5.425896163
129,0.129,0.145,1.124031008,1.015565841
181,0.128,0.317,2.4765625,7.876985851
241,0.129,0.657,5.093023256,14.13951319
361,0.13,2.65,20.38461538,26.18605043
542,0.126,9.19,72.93650794,37.25889933
722,0.134,7.27,54.25373134,34.68859225
1084,0.128,9.02,70.46875,36.95993136
1445,0.129,1.83,14.18604651,23.03722759
