f,u_in,u_out,k,lg_k
29.9,0.379,0.121,0.319261214,-0.49585384
59.8,0.377,0.246,0.652519894,-0.185406243
119.5,0.38,0.511,1.344736842,0.128637304
239,0.379,1.21,3.192612137,0.50414616
478,0.373,9.29,24.90616622,1.396306882
956,0.372,1.28,3.440860215,0.53666703
1912,0.378,0.517,1.367724868,0.135998743
3824,0.373,0.244,0.654155496,-0.184319005
7648,0.373,0.12,0.321715818,-0.492527586
