f,u_in,u_out,k,lg_k
62.5,0.302,0.11,0.364238411,-0.438614258
125,0.303,0.225,0.742574257,-0.12926011
250,0.304,0.475,1.5625,0.193820026
500,0.305,1.19,3.901639344,0.591247122
1000,0.298,9.24,31.00671141,1.491455707
2000,0.294,1.15,3.911564626,0.59235051
4000,0.295,0.466,1.579661017,0.198563901
8000,0.294,0.22,0.74829932,-0.12592465
16000,0.3,0.111,0.37,-0.431798276
