f,u_out,k,lg_k
16,5.07,0.2535,-11.92044073
32,17.2,0.86,-1.310030975
64,49.7,2.485,7.906527861
128,119,5.95,15.49033931
256,238,11.9,21.51093923
512,415,20.75,26.34036202
1024,558,27.9,28.91208407
2048,623,31.15,29.86916102
4096,639,31.95,30.08941725
8192,641,32.05,30.11656068
16384,638,31.9,30.07581366
32768,625,31.25,29.89700043
65536,612,30.6,29.71442853
131072,587,29.35,29.35216211
200000,557,27.85,28.89650399
