i_b2,t_sp,t_rass
4.16667E-05,24.29575306,6.147872845
2.65957E-05,25.43744512,6.21499687
2.08333E-05,25.91335412,6.241059511
1.62338E-05,26.31101432,6.262023655
1.38889E-05,26.52025181,6.272766764
1.16822E-05,26.7213787,6.282911038
